<?xml version="1.0" encoding="UTF-8" standalone="yes"?>
<addon id="repository.flyb" name="FlyB" version="0.0.1" provider-name="fixtr0nics">
	<extension point="xbmc.addon.repository" name="FlyB">
		<dir>
			<info compressed="false">https://raw.githubusercontent.com/totalrevolution/python-koding/master/zips/addons.xml</info>
			<checksum>https://raw.githubusercontent.com/totalrevolution/python-koding/master/zips/addons.xml.md5</checksum>
			<datadir zip="true">https://raw.githubusercontent.com/totalrevolution/python-koding/master/zips/</datadir>
		</dir>
		<info compressed="false">https://raw.githubusercontent.com/imfa1se/repository.flyb/master/zips/addons.xml</info>
		<checksum>https://raw.githubusercontent.com/imfa1se/repository.flyb/master/zips/addons.xml.md5</checksum>
		<datadir zip="true">https://raw.githubusercontent.com/imfa1se/repository.flyb/master/zips/</datadir>
	</extension>
	<extension point="xbmc.addon.metadata">
		<summary lang="en">bringing you my own addon</summary>
		<description lang="en">please enjoy the free content</description>
		<genre></genre>
	</extension>
</addon>